Model,AnomalyCount,Threshold,Jaccard_vs_AE
AE_MSE,7,0.45497553975870825,1.0
IForest,7,0.5822167359165121,1.0
OCSVM,7,0.6680983715545229,0.75
LOF,7,0.799285875732984,0.5555555555555556
